Match_ID,Team,Shooter_Foot,Keeper_Dive,Kick_Placement,Is_Goal,Kick_Number,Shooter_Name
1,FRA,R,R,7.0,1,1.0,Unknown Shooter
1,GER,R,C,9.0,1,2.0,Unknown Shooter
1,FRA,R,L,6.0,1,3.0,Unknown Shooter
1,GER,R,C,2.0,1,4.0,Unknown Shooter
1,FRA,R,L,9.0,1,5.0,Unknown Shooter
1,GER,R,L,4.0,0,6.0,Unknown Shooter
1,FRA,L,L,8.0,0,7.0,Unknown Shooter
1,GER,R,R,3.0,1,8.0,Unknown Shooter
1,FRA,R,L,9.0,1,9.0,Unknown Shooter
1,GER,R,C,9.0,1,10.0,Unknown Shooter
1,FRA,R,L,7.0,0,11.0,Unknown Shooter
1,GER,R,C,9.0,1,12.0,Unknown Shooter
2,BRA,R,L,4.0,0,1.0,Unknown Shooter
2,FRA,R,R,2.0,1,2.0,Unknown Shooter
2,BRA,R,R,6.0,1,3.0,Unknown Shooter
2,FRA,R,R,6.0,1,4.0,Unknown Shooter
2,BRA,R,L,8.0,1,5.0,Unknown Shooter
2,FRA,L,R,9.0,1,6.0,Unknown Shooter
2,BRA,L,R,4.0,1,7.0,Unknown Shooter
2,FRA,R,R,1.0,0,8.0,Unknown Shooter
2,BRA,R,L,7.0,0,9.0,Unknown Shooter
2,FRA,R,R,7.0,1,10.0,Unknown Shooter
3,GER,L,R,1.0,1,1.0,Unknown Shooter
3,MEX,L,L,6.0,1,2.0,Unknown Shooter
3,GER,L,L,8.0,1,3.0,Unknown Shooter
3,MEX,R,L,8.0,0,4.0,Unknown Shooter
3,GER,R,L,7.0,1,5.0,Unknown Shooter
3,MEX,R,L,7.0,0,6.0,Unknown Shooter
3,GER,R,L,4.0,1,7.0,Unknown Shooter
3,MEX,,Unknown,,0,8.0,Unknown Shooter
3,GER,,Unknown,,0,9.0,Unknown Shooter
3,MEX,,Unknown,,0,10.0,Unknown Shooter
4,SPA,R,R,7.0,1,1.0,Unknown Shooter
4,BEL,R,L,9.0,1,2.0,Unknown Shooter
4,SPA,R,L,7.0,0,3.0,Unknown Shooter
4,BEL,R,R,4.0,1,4.0,Unknown Shooter
4,SPA,R,L,1.0,1,5.0,Unknown Shooter
4,BEL,R,R,7.0,1,6.0,Unknown Shooter
4,SPA,R,L,1.0,1,7.0,Unknown Shooter
4,BEL,L,R,5.0,1,8.0,Unknown Shooter
4,SPA,R,R,1.0,1,9.0,Unknown Shooter
4,BEL,R,L,5.0,1,10.0,Unknown Shooter
5,ROM,L,R,3.0,1,1.0,Unknown Shooter
5,IRE,L,R,2.0,1,2.0,Unknown Shooter
5,ROM,R,R,9.0,1,3.0,Unknown Shooter
5,IRE,R,L,9.0,1,4.0,Unknown Shooter
5,ROM,L,L,4.0,1,5.0,Unknown Shooter
5,IRE,L,R,7.0,1,6.0,Unknown Shooter
5,ROM,R,L,1.0,1,7.0,Unknown Shooter
5,IRE,L,L,8.0,1,8.0,Unknown Shooter
5,ROM,R,L,7.0,0,9.0,Unknown Shooter
5,IRE,R,L,6.0,1,10.0,Unknown Shooter
6,ARG,R,L,6.0,1,1.0,Unknown Shooter
6,YUG,R,R,1.0,0,2.0,Unknown Shooter
6,ARG,R,R,1.0,1,3.0,Unknown Shooter
6,YUG,R,R,4.0,1,4.0,Unknown Shooter
6,ARG,L,L,7.0,0,5.0,Unknown Shooter
6,YUG,L,R,7.0,1,6.0,Unknown Shooter
6,ARG,R,L,3.0,0,7.0,Unknown Shooter
6,YUG,R,L,7.0,0,8.0,Unknown Shooter
6,ARG,R,C,7.0,1,9.0,Unknown Shooter
6,YUG,R,R,6.0,0,10.0,Unknown Shooter
7,ITA,R,R,8.0,1,1.0,Unknown Shooter
7,ARG,R,L,5.0,1,2.0,Unknown Shooter
7,ITA,R,L,4.0,1,3.0,Unknown Shooter
7,ARG,R,R,8.0,1,4.0,Unknown Shooter
7,ITA,L,L,4.0,1,5.0,Unknown Shooter
7,ARG,R,L,9.0,1,6.0,Unknown Shooter
7,ITA,R,R,6.0,0,7.0,Unknown Shooter
7,ARG,L,R,7.0,1,8.0,Unknown Shooter
7,ITA,L,R,9.0,0,9.0,Unknown Shooter
7,ARG,,Unknown,,0,10.0,Unknown Shooter
8,ENG,R,R,7.0,1,1.0,Unknown Shooter
8,GER,R,L,7.0,1,2.0,Unknown Shooter
8,ENG,R,R,6.0,1,3.0,Unknown Shooter
8,GER,R,L,4.0,1,4.0,Unknown Shooter
8,ENG,R,L,1.0,0,5.0,Unknown Shooter
8,GER,R,R,6.0,1,6.0,Unknown Shooter
8,ENG,L,L,8.0,0,7.0,Unknown Shooter
8,GER,R,R,6.0,1,8.0,Unknown Shooter
8,ENG,L,L,1.0,0,9.0,Unknown Shooter
8,GER,,Unknown,,0,10.0,Unknown Shooter
9,MEX,L,R,2.0,0,1.0,Unknown Shooter
9,BUL,L,L,4.0,0,2.0,Unknown Shooter
9,MEX,R,R,9.0,0,3.0,Unknown Shooter
9,BUL,R,R,2.0,1,4.0,Unknown Shooter
9,MEX,R,L,7.0,0,5.0,Unknown Shooter
9,BUL,R,L,1.0,1,6.0,Unknown Shooter
9,MEX,R,C,9.0,1,7.0,Unknown Shooter
9,BUL,R,R,3.0,1,8.0,Unknown Shooter
9,MEX,,Unknown,,0,9.0,Unknown Shooter
9,BUL,,Unknown,,0,10.0,Unknown Shooter
10,SWE,R,R,2.0,0,1.0,Unknown Shooter
10,RUM,R,R,9.0,1,2.0,Unknown Shooter
10,SWE,R,R,6.0,1,3.0,Unknown Shooter
10,RUM,L,L,9.0,1,4.0,Unknown Shooter
10,SWE,R,C,7.0,1,5.0,Unknown Shooter
10,RUM,R,R,4.0,1,6.0,Unknown Shooter
10,SWE,R,R,7.0,1,7.0,Unknown Shooter
10,RUM,R,R,5.0,0,8.0,Unknown Shooter
10,SWE,R,L,2.0,1,9.0,Unknown Shooter
10,RUM,R,R,4.0,1,10.0,Unknown Shooter
10,SWE,R,L,9.0,1,11.0,Unknown Shooter
10,RUM,R,R,9.0,0,12.0,Unknown Shooter
11,ITA,R,R,2.0,0,1.0,Unknown Shooter
11,BRA,R,L,4.0,0,2.0,Unknown Shooter
11,ITA,R,R,4.0,1,3.0,Unknown Shooter
11,BRA,R,C,4.0,1,4.0,Unknown Shooter
11,ITA,L,L,5.0,1,5.0,Unknown Shooter
11,BRA,L,L,9.0,1,6.0,Unknown Shooter
11,ITA,R,R,6.0,0,7.0,Unknown Shooter
11,BRA,R,L,6.0,1,8.0,Unknown Shooter
11,ITA,R,C,2.0,0,9.0,Unknown Shooter
11,BRA,,Unknown,,0,10.0,Unknown Shooter
12,ARG,L,R,9.0,1,1.0,Unknown Shooter
12,ENG,R,L,1.0,1,2.0,Unknown Shooter
12,ARG,R,R,6.0,0,3.0,Unknown Shooter
12,ENG,R,R,6.0,0,4.0,Unknown Shooter
12,ARG,R,L,1.0,1,5.0,Unknown Shooter
12,ENG,R,L,1.0,1,6.0,Unknown Shooter
12,ARG,R,L,7.0,1,7.0,Unknown Shooter
12,ENG,R,R,1.0,1,8.0,Unknown Shooter
12,ARG,R,C,9.0,1,9.0,Unknown Shooter
12,ENG,R,L,5.0,0,10.0,Unknown Shooter
13,FRA,R,R,7.0,1,1.0,Unknown Shooter
13,ITA,R,C,9.0,1,2.0,Unknown Shooter
13,FRA,L,L,7.0,0,3.0,Unknown Shooter
13,ITA,R,L,7.0,0,4.0,Unknown Shooter
13,FRA,R,R,7.0,1,5.0,Unknown Shooter
13,ITA,R,L,4.0,1,6.0,Unknown Shooter
13,FRA,R,R,9.0,1,7.0,Unknown Shooter
13,ITA,L,R,3.0,1,8.0,Unknown Shooter
13,FRA,R,R,5.0,1,9.0,Unknown Shooter
13,ITA,R,R,2.0,0,10.0,Unknown Shooter
14,BRA,R,R,2.0,1,1.0,Unknown Shooter
14,HOL,L,L,4.0,1,2.0,Unknown Shooter
14,BRA,L,L,6.0,1,3.0,Unknown Shooter
14,HOL,R,R,9.0,1,4.0,Unknown Shooter
14,BRA,R,R,5.0,1,5.0,Unknown Shooter
14,HOL,L,R,6.0,0,6.0,Unknown Shooter
14,BRA,R,L,1.0,1,7.0,Unknown Shooter
14,HOL,R,L,7.0,0,8.0,Unknown Shooter
14,BRA,,Unknown,,0,9.0,Unknown Shooter
14,HOL,,Unknown,,0,10.0,Unknown Shooter
15,IRE,R,R,2.0,1,1.0,Unknown Shooter
15,SPA,R,R,4.0,1,2.0,Unknown Shooter
15,IRE,R,R,2.0,0,3.0,Unknown Shooter
15,SPA,R,C,6.0,1,4.0,Unknown Shooter
15,IRE,R,C,5.0,0,5.0,Unknown Shooter
15,SPA,L,C,9.0,0,6.0,Unknown Shooter
15,IRE,L,R,6.0,0,7.0,Unknown Shooter
15,SPA,R,R,7.0,0,8.0,Unknown Shooter
15,IRE,R,C,3.0,1,9.0,Unknown Shooter
15,SPA,R,L,8.0,1,10.0,Unknown Shooter
16,KOR,R,R,9.0,1,1.0,Unknown Shooter
16,SPA,R,R,5.0,1,2.0,Unknown Shooter
16,KOR,R,C,6.0,1,3.0,Unknown Shooter
16,SPA,R,R,7.0,1,4.0,Unknown Shooter
16,KOR,R,L,6.0,1,5.0,Unknown Shooter
16,SPA,R,C,3.0,1,6.0,Unknown Shooter
16,KOR,R,L,8.0,1,7.0,Unknown Shooter
16,SPA,R,C,5.0,0,8.0,Unknown Shooter
16,KOR,R,L,3.0,1,9.0,Unknown Shooter
16,SPA,,Unknown,,0,10.0,Unknown Shooter
17,UKR,R,L,7.0,0,1.0,Unknown Shooter
17,SWZ,L,L,7.0,0,2.0,Unknown Shooter
17,UKR,R,L,5.0,1,3.0,Unknown Shooter
17,SWZ,R,L,1.0,0,4.0,Unknown Shooter
17,UKR,R,L,6.0,1,5.0,Unknown Shooter
17,SWZ,R,R,2.0,0,6.0,Unknown Shooter
17,UKR,R,R,7.0,1,7.0,Unknown Shooter
17,SWZ,,Unknown,,0,8.0,Unknown Shooter
17,UKR,,Unknown,,0,9.0,Unknown Shooter
17,SWZ,,Unknown,,0,10.0,Unknown Shooter
18,GER,R,R,6.0,1,1.0,Unknown Shooter
18,ARG,R,L,1.0,1,2.0,Unknown Shooter
18,GER,R,C,4.0,1,3.0,Unknown Shooter
18,ARG,R,R,9.0,0,4.0,Unknown Shooter
18,GER,L,L,9.0,1,5.0,Unknown Shooter
18,ARG,R,L,7.0,1,6.0,Unknown Shooter
18,GER,R,L,9.0,1,7.0,Unknown Shooter
18,ARG,L,R,9.0,0,8.0,Unknown Shooter
18,GER,,Unknown,,0,9.0,Unknown Shooter
18,ARG,,Unknown,,0,10.0,Unknown Shooter
19,POR,R,L,7.0,1,1.0,Unknown Shooter
19,ENG,R,C,8.0,0,2.0,Unknown Shooter
19,POR,L,R,4.0,0,3.0,Unknown Shooter
19,ENG,R,L,7.0,1,4.0,Unknown Shooter
19,POR,R,L,7.0,0,5.0,Unknown Shooter
19,ENG,R,R,5.0,0,6.0,Unknown Shooter
19,POR,R,C,4.0,1,7.0,Unknown Shooter
19,ENG,R,L,7.0,0,8.0,Unknown Shooter
19,POR,R,L,6.0,1,9.0,Unknown Shooter
19,ENG,,Unknown,,0,10.0,Unknown Shooter
20,ITA,R,L,2.0,1,1.0,Unknown Shooter
20,FRA,R,L,9.0,1,2.0,Unknown Shooter
20,ITA,L,R,9.0,1,3.0,Unknown Shooter
20,FRA,R,R,1.0,0,4.0,Unknown Shooter
20,ITA,R,L,1.0,1,5.0,Unknown Shooter
20,FRA,L,R,7.0,1,6.0,Unknown Shooter
20,ITA,R,R,4.0,1,7.0,Unknown Shooter
20,FRA,R,L,3.0,1,8.0,Unknown Shooter
20,ITA,L,L,3.0,1,9.0,Unknown Shooter
20,FRA,,Unknown,,0,10.0,Unknown Shooter
21,PAR,R,L,7.0,1,1.0,Unknown Shooter
21,JAP,R,L,6.0,1,2.0,Unknown Shooter
21,PAR,R,R,9.0,1,3.0,Unknown Shooter
21,JAP,R,L,4.0,1,4.0,Unknown Shooter
21,PAR,R,L,9.0,1,5.0,Unknown Shooter
21,JAP,R,L,1.0,0,6.0,Unknown Shooter
21,PAR,R,L,2.0,1,7.0,Unknown Shooter
21,JAP,L,R,8.0,1,8.0,Unknown Shooter
21,PAR,L,R,7.0,1,9.0,Unknown Shooter
21,JAP,,Unknown,,0,10.0,Unknown Shooter
22,URU,R,L,6.0,1,1.0,Unknown Shooter
22,GHA,R,R,3.0,1,2.0,Unknown Shooter
22,URU,R,L,1.0,1,3.0,Unknown Shooter
22,GHA,R,L,1.0,1,4.0,Unknown Shooter
22,URU,R,C,8.0,1,5.0,Unknown Shooter
22,GHA,R,R,8.0,0,6.0,Unknown Shooter
22,URU,R,L,2.0,0,7.0,Unknown Shooter
22,GHA,R,R,9.0,0,8.0,Unknown Shooter
22,URU,L,L,5.0,1,9.0,Unknown Shooter
22,GHA,,Unknown,,0,10.0,Unknown Shooter
23,BRA,R,R,4.0,1,1.0,Unknown Shooter
23,CHI,R,C,5.0,0,2.0,Unknown Shooter
23,BRA,R,C,7.0,0,3.0,Unknown Shooter
23,CHI,R,L,7.0,0,4.0,Unknown Shooter
23,BRA,L,R,6.0,1,5.0,Unknown Shooter
23,CHI,R,C,3.0,1,6.0,Unknown Shooter
23,BRA,L,R,8.0,0,7.0,Unknown Shooter
23,CHI,R,R,8.0,1,8.0,Unknown Shooter
23,BRA,R,C,7.0,1,9.0,Unknown Shooter
23,CHI,R,R,6.0,0,10.0,Unknown Shooter
24,CRA,R,L,2.0,1,1.0,Unknown Shooter
24,GRE,L,C,4.0,1,2.0,Unknown Shooter
24,CRA,L,L,3.0,1,3.0,Unknown Shooter
24,GRE,R,L,9.0,1,4.0,Unknown Shooter
24,CRA,R,L,5.0,1,5.0,Unknown Shooter
24,GRE,L,R,3.0,1,6.0,Unknown Shooter
24,CRA,L,C,7.0,1,7.0,Unknown Shooter
24,GRE,R,L,4.0,0,8.0,Unknown Shooter
24,CRA,R,L,1.0,1,9.0,Unknown Shooter
24,GRE,,Unknown,,0,10.0,Unknown Shooter
25,CRA,R,R,9.0,1,1.0,Unknown Shooter
25,HOL,L,R,9.0,1,2.0,Unknown Shooter
25,CRA,L,R,9.0,0,3.0,Unknown Shooter
25,HOL,L,R,1.0,1,4.0,Unknown Shooter
25,CRA,R,R,6.0,1,5.0,Unknown Shooter
25,HOL,R,R,4.0,1,6.0,Unknown Shooter
25,CRA,R,L,1.0,1,7.0,Unknown Shooter
25,HOL,R,L,7.0,1,8.0,Unknown Shooter
25,CRA,R,R,9.0,0,9.0,Unknown Shooter
25,HOL,,Unknown,,0,10.0,Unknown Shooter
26,HOL,R,R,9.0,0,1.0,Unknown Shooter
26,ARG,L,C,4.0,1,2.0,Unknown Shooter
26,HOL,L,L,9.0,1,3.0,Unknown Shooter
26,ARG,R,L,2.0,1,4.0,Unknown Shooter
26,HOL,R,L,4.0,0,5.0,Unknown Shooter
26,ARG,R,L,7.0,1,6.0,Unknown Shooter
26,HOL,R,L,9.0,1,7.0,Unknown Shooter
26,ARG,R,L,4.0,1,8.0,Unknown Shooter
26,HOL,,Unknown,,0,9.0,Unknown Shooter
26,ARG,,Unknown,,0,10.0,Unknown Shooter
27,SPA,R,C,6.0,1,1.0,Unknown Shooter
27,RUS,R,L,4.0,1,2.0,Unknown Shooter
27,SPA,R,R,7.0,1,3.0,Unknown Shooter
27,RUS,R,L,6.0,1,4.0,Unknown Shooter
27,SPA,R,L,7.0,0,5.0,Unknown Shooter
27,RUS,R,L,7.0,1,6.0,Unknown Shooter
27,SPA,R,R,4.0,1,7.0,Unknown Shooter
27,RUS,L,L,8.0,1,8.0,Unknown Shooter
27,SPA,L,L,8.0,0,9.0,Unknown Shooter
27,RUS,,Unknown,,0,10.0,Unknown Shooter
28,DEN,R,L,7.0,0,1.0,Unknown Shooter
28,CRO,R,L,7.0,0,2.0,Unknown Shooter
28,DEN,R,C,3.0,1,3.0,Unknown Shooter
28,CRO,R,C,7.0,1,4.0,Unknown Shooter
28,DEN,R,R,7.0,1,5.0,Unknown Shooter
28,CRO,R,R,8.0,1,6.0,Unknown Shooter
28,DEN,R,L,4.0,0,7.0,Unknown Shooter
28,CRO,L,L,7.0,0,8.0,Unknown Shooter
28,DEN,R,R,8.0,0,9.0,Unknown Shooter
28,CRO,R,C,7.0,1,10.0,Unknown Shooter
29,COL,R,L,5.0,1,1.0,Unknown Shooter
29,ENG,R,L,7.0,1,2.0,Unknown Shooter
29,COL,R,L,1.0,1,3.0,Unknown Shooter
29,ENG,R,L,7.0,1,4.0,Unknown Shooter
29,COL,R,L,9.0,1,5.0,Unknown Shooter
29,ENG,R,R,9.0,0,6.0,Unknown Shooter
29,COL,R,R,3.0,0,7.0,Unknown Shooter
29,ENG,R,L,1.0,1,8.0,Unknown Shooter
29,COL,R,L,4.0,0,9.0,Unknown Shooter
29,ENG,R,L,7.0,1,10.0,Unknown Shooter
30,RUS,R,C,5.0,0,1.0,Unknown Shooter
30,CRO,R,R,6.0,1,2.0,Unknown Shooter
30,RUS,R,C,9.0,1,3.0,Unknown Shooter
30,CRO,R,R,9.0,0,4.0,Unknown Shooter
30,RUS,R,C,7.0,0,5.0,Unknown Shooter
30,CRO,R,L,7.0,1,6.0,Unknown Shooter
30,RUS,R,R,7.0,1,7.0,Unknown Shooter
30,CRO,R,R,4.0,1,8.0,Unknown Shooter
30,RUS,R,R,7.0,1,9.0,Unknown Shooter
30,CRO,R,R,7.0,1,10.0,Unknown Shooter
10,ROM,R,R,9.0,1,2.0,Unknown Shooter
10,ROM,L,L,9.0,1,4.0,Unknown Shooter
10,ROM,R,R,4.0,1,6.0,Unknown Shooter
10,ROM,R,R,5.0,0,8.0,Unknown Shooter
10,ROM,R,R,4.0,1,10.0,Unknown Shooter
10,ROM,R,R,9.0,0,12.0,Unknown Shooter
13,ITA,R,R,2.0,0,10.0,Unknown Shooter
14,NED,L,L,4.0,1,2.0,Unknown Shooter
14,NED,R,R,9.0,1,4.0,Unknown Shooter
14,NED,L,R,6.0,0,6.0,Unknown Shooter
14,NED,R,L,7.0,0,8.0,Unknown Shooter
14,NED,,Unknown,,0,10.0,Unknown Shooter
25,NED,L,R,9.0,1,2.0,Unknown Shooter
25,NED,L,R,1.0,1,4.0,Unknown Shooter
25,NED,R,R,4.0,1,6.0,Unknown Shooter
25,NED,R,L,7.0,1,8.0,Unknown Shooter
25,NED,,Unknown,,0,10.0,Unknown Shooter
26,NED,R,R,9.0,0,1.0,Unknown Shooter
26,NED,L,L,9.0,1,3.0,Unknown Shooter
26,NED,R,L,4.0,0,5.0,Unknown Shooter
26,NED,R,L,9.0,1,7.0,Unknown Shooter
26,NED,,Unknown,,0,9.0,Unknown Shooter
31,JAP,R,R,9.0,0,1.0,Unknown Shooter
31,CRO,R,L,4.0,1,2.0,Unknown Shooter
31,JAP,R,L,7.0,0,3.0,Unknown Shooter
31,CRO,R,L,5.0,1,4.0,Unknown Shooter
31,JAP,R,L,6.0,1,5.0,Unknown Shooter
31,CRO,R,L,4.0,0,6.0,Unknown Shooter
31,JAP,R,L,7.0,0,7.0,Unknown Shooter
31,CRO,R,R,7.0,1,8.0,Unknown Shooter
31,JAP,,Unknown,,0,9.0,Unknown Shooter
31,CRO,,Unknown,,0,10.0,Unknown Shooter
32,MAR,R,L,9.0,1,1.0,Unknown Shooter
32,SPA,L,R,9.0,0,2.0,Unknown Shooter
32,MAR,R,R,5.0,1,3.0,Unknown Shooter
32,SPA,L,R,9.0,0,4.0,Unknown Shooter
32,MAR,R,L,7.0,0,5.0,Unknown Shooter
32,SPA,R,L,7.0,0,6.0,Unknown Shooter
32,MAR,R,L,8.0,1,7.0,Unknown Shooter
32,SPA,,Unknown,,0,8.0,Unknown Shooter
32,MAR,,Unknown,,0,9.0,Unknown Shooter
32,SPA,,Unknown,,0,10.0,Unknown Shooter
33,CRO,R,L,2.0,1,1.0,Unknown Shooter
33,BRA,R,R,6.0,0,2.0,Unknown Shooter
33,CRO,L,L,5.0,1,3.0,Unknown Shooter
33,BRA,R,L,7.0,1,4.0,Unknown Shooter
33,CRO,R,R,7.0,1,5.0,Unknown Shooter
33,BRA,R,R,7.0,1,6.0,Unknown Shooter
33,CRO,R,L,7.0,1,7.0,Unknown Shooter
33,BRA,R,R,7.0,0,8.0,Unknown Shooter
33,CRO,,Unknown,,0,9.0,Unknown Shooter
33,BRA,,Unknown,,0,10.0,Unknown Shooter
34,NED,R,L,4.0,0,1.0,Unknown Shooter
34,ARG,L,R,7.0,1,2.0,Unknown Shooter
34,NED,L,R,6.0,0,3.0,Unknown Shooter
34,ARG,R,L,4.0,1,4.0,Unknown Shooter
34,NED,L,C,6.0,1,5.0,Unknown Shooter
34,ARG,R,L,6.0,1,6.0,Unknown Shooter
34,NED,R,R,7.0,1,7.0,Unknown Shooter
34,ARG,R,L,7.0,0,8.0,Unknown Shooter
34,NED,R,R,7.0,1,9.0,Unknown Shooter
34,ARG,R,R,1.0,1,10.0,Unknown Shooter
35,FRA,R,L,4.0,1,1.0,Unknown Shooter
35,ARG,L,L,7.0,1,2.0,Unknown Shooter
35,FRA,R,L,4.0,0,3.0,Unknown Shooter
35,ARG,L,R,8.0,1,4.0,Unknown Shooter
35,FRA,R,L,7.0,0,5.0,Unknown Shooter
35,ARG,R,L,7.0,1,6.0,Unknown Shooter
35,FRA,R,L,2.0,1,7.0,Unknown Shooter
35,ARG,R,R,7.0,1,8.0,Unknown Shooter
35,FRA,,Unknown,,0,9.0,Unknown Shooter
35,ARG,,Unknown,,0,10.0,Unknown Shooter
M-1982-50,DEU,Unknown,Unknown,-1.0,1,,Manfred Kaltz
M-1982-50,DEU,Unknown,Unknown,-1.0,1,,Paul Breitner
M-1982-50,DEU,Unknown,Unknown,-1.0,0,,Uli Stielike
M-1982-50,DEU,Unknown,Unknown,-1.0,1,,Pierre Littbarski
M-1982-50,DEU,Unknown,Unknown,-1.0,1,,Karl-Heinz Rummenigge
M-1982-50,DEU,Unknown,Unknown,-1.0,1,,Horst Hrubesch
M-1982-50,FRA,Unknown,Unknown,-1.0,1,,Alain Giresse
M-1982-50,FRA,Unknown,Unknown,-1.0,1,,Manuel Amoros
M-1982-50,FRA,Unknown,Unknown,-1.0,1,,Dominique Rocheteau
M-1982-50,FRA,Unknown,Unknown,-1.0,0,,Didier Six
M-1982-50,FRA,Unknown,Unknown,-1.0,1,,Michel Platini
M-1982-50,FRA,Unknown,Unknown,-1.0,0,,Maxime Bossis
M-1986-45,BRA,Unknown,Unknown,-1.0,0,,not applicable Sócrates
M-1986-45,BRA,Unknown,Unknown,-1.0,1,,not applicable Alemão
M-1986-45,BRA,Unknown,Unknown,-1.0,1,,not applicable Zico
M-1986-45,BRA,Unknown,Unknown,-1.0,1,,not applicable Branco
M-1986-45,BRA,Unknown,Unknown,-1.0,0,,Júlio César
M-1986-45,FRA,Unknown,Unknown,-1.0,1,,Yannick Stopyra
M-1986-45,FRA,Unknown,Unknown,-1.0,1,,Manuel Amoros
M-1986-45,FRA,Unknown,Unknown,-1.0,1,,Bruno Bellone
M-1986-45,FRA,Unknown,Unknown,-1.0,0,,Michel Platini
M-1986-45,FRA,Unknown,Unknown,-1.0,1,,Luis Fernández
M-1986-46,DEU,Unknown,Unknown,-1.0,1,,Klaus Allofs
M-1986-46,DEU,Unknown,Unknown,-1.0,1,,Andreas Brehme
M-1986-46,DEU,Unknown,Unknown,-1.0,1,,Lothar Matthäus
M-1986-46,DEU,Unknown,Unknown,-1.0,1,,Pierre Littbarski
M-1986-46,MEX,Unknown,Unknown,-1.0,1,,Manuel Negrete
M-1986-46,MEX,Unknown,Unknown,-1.0,0,,Fernando Quirarte
M-1986-46,MEX,Unknown,Unknown,-1.0,0,,Raúl Servín
M-1986-48,ESP,Unknown,Unknown,-1.0,1,,Juan Antonio Señor
M-1986-48,ESP,Unknown,Unknown,-1.0,0,,not applicable Eloy
M-1986-48,ESP,Unknown,Unknown,-1.0,1,,not applicable Chendo
M-1986-48,ESP,Unknown,Unknown,-1.0,1,,Emilio Butragueño
M-1986-48,ESP,Unknown,Unknown,-1.0,1,,not applicable Víctor
M-1986-48,BEL,Unknown,Unknown,-1.0,1,,Nico Claesen
M-1986-48,BEL,Unknown,Unknown,-1.0,1,,Enzo Scifo
M-1986-48,BEL,Unknown,Unknown,-1.0,1,,Hugo Broos
M-1986-48,BEL,Unknown,Unknown,-1.0,1,,Patrick Vervoort
M-1986-48,BEL,Unknown,Unknown,-1.0,1,,Leo Van Der Elst
M-1990-41,IRL,Unknown,Unknown,-1.0,1,,Kevin Sheedy
M-1990-41,IRL,Unknown,Unknown,-1.0,1,,Ray Houghton
M-1990-41,IRL,Unknown,Unknown,-1.0,1,,Andy Townsend
M-1990-41,IRL,Unknown,Unknown,-1.0,1,,Tony Cascarino
M-1990-41,IRL,Unknown,Unknown,-1.0,1,,David O'Leary
M-1990-41,ROU,Unknown,Unknown,-1.0,1,,Gheorghe Hagi
M-1990-41,ROU,Unknown,Unknown,-1.0,1,,Dănuț Lupu
M-1990-41,ROU,Unknown,Unknown,-1.0,1,,Iosif Rotariu
M-1990-41,ROU,Unknown,Unknown,-1.0,1,,Ioan Lupescu
M-1990-41,ROU,Unknown,Unknown,-1.0,0,,Daniel Timofte
M-1990-45,ARG,Unknown,Unknown,-1.0,1,,José Serrizuela
M-1990-45,ARG,Unknown,Unknown,-1.0,1,,Jorge Burruchaga
M-1990-45,ARG,Unknown,Unknown,-1.0,0,,Diego Maradona
M-1990-45,ARG,Unknown,Unknown,-1.0,0,,Pedro Troglio
M-1990-45,ARG,Unknown,Unknown,-1.0,1,,Gustavo Dezotti
M-1990-45,YUG,Unknown,Unknown,-1.0,0,,Dragan Stojković
M-1990-45,YUG,Unknown,Unknown,-1.0,1,,Robert Prosinečki
M-1990-45,YUG,Unknown,Unknown,-1.0,1,,Dejan Savićević
M-1990-45,YUG,Unknown,Unknown,-1.0,0,,Dragoljub Brnović
M-1990-45,YUG,Unknown,Unknown,-1.0,0,,Faruk Hadžibegić
M-1990-49,ARG,Unknown,Unknown,-1.0,1,,José Serrizuela
M-1990-49,ARG,Unknown,Unknown,-1.0,1,,Jorge Burruchaga
M-1990-49,ARG,Unknown,Unknown,-1.0,1,,Julio Olarticoechea
M-1990-49,ARG,Unknown,Unknown,-1.0,1,,Diego Maradona
M-1990-49,ITA,Unknown,Unknown,-1.0,1,,Franco Baresi
M-1990-49,ITA,Unknown,Unknown,-1.0,1,,Roberto Baggio
M-1990-49,ITA,Unknown,Unknown,-1.0,1,,Luigi De Agostini
M-1990-49,ITA,Unknown,Unknown,-1.0,0,,Roberto Donadoni
M-1990-49,ITA,Unknown,Unknown,-1.0,0,,Aldo Serena
M-1990-50,DEU,Unknown,Unknown,-1.0,1,,Andreas Brehme
M-1990-50,DEU,Unknown,Unknown,-1.0,1,,Lothar Matthäus
M-1990-50,DEU,Unknown,Unknown,-1.0,1,,Karl-Heinz Riedle
M-1990-50,DEU,Unknown,Unknown,-1.0,1,,Olaf Thon
M-1990-50,ENG,Unknown,Unknown,-1.0,1,,Gary Lineker
M-1990-50,ENG,Unknown,Unknown,-1.0,1,,Peter Beardsley
M-1990-50,ENG,Unknown,Unknown,-1.0,1,,David Platt
M-1990-50,ENG,Unknown,Unknown,-1.0,0,,Stuart Pearce
M-1990-50,ENG,Unknown,Unknown,-1.0,0,,Chris Waddle
M-1994-44,MEX,Unknown,Unknown,-1.0,0,,Alberto García Aspe
M-1994-44,MEX,Unknown,Unknown,-1.0,0,,Marcelino Bernal
M-1994-44,MEX,Unknown,Unknown,-1.0,0,,Jorge Rodríguez
M-1994-44,MEX,Unknown,Unknown,-1.0,1,,Claudio Suárez
M-1994-44,BGR,Unknown,Unknown,-1.0,0,,Krasimir Balakov
M-1994-44,BGR,Unknown,Unknown,-1.0,1,,Boncho Genchev
M-1994-44,BGR,Unknown,Unknown,-1.0,1,,Daniel Borimirov
M-1994-44,BGR,Unknown,Unknown,-1.0,1,,Yordan Letchkov
M-1994-48,ROU,Unknown,Unknown,-1.0,1,,Florin Răducioiu
M-1994-48,ROU,Unknown,Unknown,-1.0,1,,Gheorghe Hagi
M-1994-48,ROU,Unknown,Unknown,-1.0,1,,Ioan Lupescu
M-1994-48,ROU,Unknown,Unknown,-1.0,0,,Dan Petrescu
M-1994-48,ROU,Unknown,Unknown,-1.0,1,,Ilie Dumitrescu
M-1994-48,ROU,Unknown,Unknown,-1.0,0,,Miodrag Belodedici
M-1994-48,SWE,Unknown,Unknown,-1.0,0,,Håkan Mild
M-1994-48,SWE,Unknown,Unknown,-1.0,1,,Kennet Andersson
M-1994-48,SWE,Unknown,Unknown,-1.0,1,,Tomas Brolin
M-1994-48,SWE,Unknown,Unknown,-1.0,1,,Klas Ingesson
M-1994-48,SWE,Unknown,Unknown,-1.0,1,,Roland Nilsson
M-1994-48,SWE,Unknown,Unknown,-1.0,1,,Henrik Larsson
M-1994-52,BRA,Unknown,Unknown,-1.0,0,,Márcio Santos
M-1994-52,BRA,Unknown,Unknown,-1.0,1,,not applicable Romário
M-1994-52,BRA,Unknown,Unknown,-1.0,1,,not applicable Branco
M-1994-52,BRA,Unknown,Unknown,-1.0,1,,not applicable Dunga
M-1994-52,ITA,Unknown,Unknown,-1.0,0,,Franco Baresi
M-1994-52,ITA,Unknown,Unknown,-1.0,1,,Demetrio Albertini
M-1994-52,ITA,Unknown,Unknown,-1.0,1,,Alberigo Evani
M-1994-52,ITA,Unknown,Unknown,-1.0,0,,Daniele Massaro
M-1994-52,ITA,Unknown,Unknown,-1.0,0,,Roberto Baggio
M-1995-22,SWE,Unknown,Unknown,-1.0,0,,Malin Andersson
M-1995-22,SWE,Unknown,Unknown,-1.0,1,,Lena Videkull
M-1995-22,SWE,Unknown,Unknown,-1.0,1,,Anna Pohjanen
M-1995-22,SWE,Unknown,Unknown,-1.0,1,,Pia Sundhage
M-1995-22,SWE,Unknown,Unknown,-1.0,0,,Annika Nessvold
M-1995-22,CHN,Unknown,Unknown,-1.0,1,,Wen Sun
M-1995-22,CHN,Unknown,Unknown,-1.0,1,,Huilin Xie
M-1995-22,CHN,Unknown,Unknown,-1.0,1,,Yufeng Chen
M-1995-22,CHN,Unknown,Unknown,-1.0,1,,Qingxia Shui
M-1995-22,CHN,Unknown,Unknown,-1.0,0,,Ailing Liu
M-1998-56,ARG,Unknown,Unknown,-1.0,1,,Sergio Berti
M-1998-56,ARG,Unknown,Unknown,-1.0,0,,Hernán Crespo
M-1998-56,ARG,Unknown,Unknown,-1.0,1,,Juan Sebastián Verón
M-1998-56,ARG,Unknown,Unknown,-1.0,1,,Marcelo Gallardo
M-1998-56,ARG,Unknown,Unknown,-1.0,1,,Roberto Ayala
M-1998-56,ENG,Unknown,Unknown,-1.0,1,,Alan Shearer
M-1998-56,ENG,Unknown,Unknown,-1.0,0,,Paul Ince
M-1998-56,ENG,Unknown,Unknown,-1.0,1,,Paul Merson
M-1998-56,ENG,Unknown,Unknown,-1.0,1,,Michael Owen
M-1998-56,ENG,Unknown,Unknown,-1.0,0,,David Batty
M-1998-57,ITA,Unknown,Unknown,-1.0,1,,Roberto Baggio
M-1998-57,ITA,Unknown,Unknown,-1.0,0,,Demetrio Albertini
M-1998-57,ITA,Unknown,Unknown,-1.0,1,,Alessandro Costacurta
M-1998-57,ITA,Unknown,Unknown,-1.0,1,,Christian Vieri
M-1998-57,ITA,Unknown,Unknown,-1.0,0,,Luigi Di Biagio
M-1998-57,FRA,Unknown,Unknown,-1.0,1,,Zinedine Zidane
M-1998-57,FRA,Unknown,Unknown,-1.0,0,,Bixente Lizarazu
M-1998-57,FRA,Unknown,Unknown,-1.0,1,,David Trezeguet
M-1998-57,FRA,Unknown,Unknown,-1.0,1,,Thierry Henry
M-1998-57,FRA,Unknown,Unknown,-1.0,1,,Laurent Blanc
M-1998-61,BRA,Unknown,Unknown,-1.0,1,,not applicable Ronaldo
M-1998-61,BRA,Unknown,Unknown,-1.0,1,,not applicable Rivaldo
M-1998-61,BRA,Unknown,Unknown,-1.0,1,,not applicable Emerson
M-1998-61,BRA,Unknown,Unknown,-1.0,1,,not applicable Dunga
M-1998-61,NLD,Unknown,Unknown,-1.0,1,,Frank de Boer
M-1998-61,NLD,Unknown,Unknown,-1.0,1,,Dennis Bergkamp
M-1998-61,NLD,Unknown,Unknown,-1.0,0,,Phillip Cocu
M-1998-61,NLD,Unknown,Unknown,-1.0,0,,Ronald de Boer
M-1999-31,BRA,Unknown,Unknown,-1.0,0,,not applicable Pretinha
M-1999-31,BRA,Unknown,Unknown,-1.0,1,,not applicable Cidinha
M-1999-31,BRA,Unknown,Unknown,-1.0,1,,not applicable Kátia
M-1999-31,BRA,Unknown,Unknown,-1.0,1,,not applicable Maycon
M-1999-31,BRA,Unknown,Unknown,-1.0,1,,not applicable Nenê
M-1999-31,BRA,Unknown,Unknown,-1.0,1,,not applicable Formiga
M-1999-31,NOR,Unknown,Unknown,-1.0,1,,Hege Riise
M-1999-31,NOR,Unknown,Unknown,-1.0,1,,Marianne Pettersen
M-1999-31,NOR,Unknown,Unknown,-1.0,0,,Silje Jørgensen
M-1999-31,NOR,Unknown,Unknown,-1.0,1,,Brit Sandaune
M-1999-31,NOR,Unknown,Unknown,-1.0,1,,Solveig Gulbrandsen
M-1999-31,NOR,Unknown,Unknown,-1.0,0,,Ann Kristin Aarønes
M-1999-32,USA,Unknown,Unknown,-1.0,1,,Carla Overbeck
M-1999-32,USA,Unknown,Unknown,-1.0,1,,Joy Fawcett
M-1999-32,USA,Unknown,Unknown,-1.0,1,,Kristine Lilly
M-1999-32,USA,Unknown,Unknown,-1.0,1,,Mia Hamm
M-1999-32,USA,Unknown,Unknown,-1.0,1,,Brandi Chastain
M-1999-32,CHN,Unknown,Unknown,-1.0,1,,Huilin Xie
M-1999-32,CHN,Unknown,Unknown,-1.0,1,,Haiyan Qiu
M-1999-32,CHN,Unknown,Unknown,-1.0,0,,Ying Liu
M-1999-32,CHN,Unknown,Unknown,-1.0,1,,Ouying Zhang
M-1999-32,CHN,Unknown,Unknown,-1.0,1,,Wen Sun
M-2002-52,ESP,Unknown,Unknown,-1.0,1,,Fernando Hierro
M-2002-52,ESP,Unknown,Unknown,-1.0,1,,Rubén Baraja
M-2002-52,ESP,Unknown,Unknown,-1.0,0,,not applicable Juanfran
M-2002-52,ESP,Unknown,Unknown,-1.0,0,,Juan Carlos Valerón
M-2002-52,ESP,Unknown,Unknown,-1.0,1,,Gaizka Mendieta
M-2002-52,IRL,Unknown,Unknown,-1.0,1,,Robbie Keane
M-2002-52,IRL,Unknown,Unknown,-1.0,0,,Matt Holland
M-2002-52,IRL,Unknown,Unknown,-1.0,0,,David Connolly
M-2002-52,IRL,Unknown,Unknown,-1.0,0,,Kevin Kilbane
M-2002-52,IRL,Unknown,Unknown,-1.0,1,,Steve Finnan
M-2002-59,ESP,Unknown,Unknown,-1.0,1,,Fernando Hierro
M-2002-59,ESP,Unknown,Unknown,-1.0,1,,Rubén Baraja
M-2002-59,ESP,Unknown,Unknown,-1.0,1,,not applicable Xavi
M-2002-59,ESP,Unknown,Unknown,-1.0,0,,not applicable Joaquín
M-2002-59,KOR,Unknown,Unknown,-1.0,1,,Sun-hong Hwang
M-2002-59,KOR,Unknown,Unknown,-1.0,1,,Ji-sung Park
M-2002-59,KOR,Unknown,Unknown,-1.0,1,,Ki-hyeon Seol
M-2002-59,KOR,Unknown,Unknown,-1.0,1,,Jung-hwan Ahn
M-2002-59,KOR,Unknown,Unknown,-1.0,1,,Myung-bo Hong
M-2006-54,CHE,Unknown,Unknown,-1.0,0,,Marco Streller
M-2006-54,CHE,Unknown,Unknown,-1.0,0,,Tranquillo Barnetta
M-2006-54,CHE,Unknown,Unknown,-1.0,0,,Ricardo Cabanas
M-2006-54,UKR,Unknown,Unknown,-1.0,0,,Andriy Shevchenko
M-2006-54,UKR,Unknown,Unknown,-1.0,1,,Artem Milevskyi
M-2006-54,UKR,Unknown,Unknown,-1.0,1,,Serhii Rebrov
M-2006-54,UKR,Unknown,Unknown,-1.0,1,,Oleh Husyev
M-2006-57,DEU,Unknown,Unknown,-1.0,1,,Oliver Neuville
M-2006-57,DEU,Unknown,Unknown,-1.0,1,,Michael Ballack
M-2006-57,DEU,Unknown,Unknown,-1.0,1,,Lukas Podolski
M-2006-57,DEU,Unknown,Unknown,-1.0,1,,Tim Borowski
M-2006-57,ARG,Unknown,Unknown,-1.0,1,,Julio Cruz
M-2006-57,ARG,Unknown,Unknown,-1.0,0,,Roberto Ayala
M-2006-57,ARG,Unknown,Unknown,-1.0,1,,Maxi Rodríguez
M-2006-57,ARG,Unknown,Unknown,-1.0,0,,Esteban Cambiasso
M-2006-59,ENG,Unknown,Unknown,-1.0,0,,Frank Lampard
M-2006-59,ENG,Unknown,Unknown,-1.0,1,,Owen Hargreaves
M-2006-59,ENG,Unknown,Unknown,-1.0,0,,Steven Gerrard
M-2006-59,ENG,Unknown,Unknown,-1.0,0,,Jamie Carragher
M-2006-59,PRT,Unknown,Unknown,-1.0,1,,not applicable Simão
M-2006-59,PRT,Unknown,Unknown,-1.0,0,,Hugo Viana
M-2006-59,PRT,Unknown,Unknown,-1.0,0,,not applicable Petit
M-2006-59,PRT,Unknown,Unknown,-1.0,1,,Hélder Postiga
M-2006-59,PRT,Unknown,Unknown,-1.0,1,,Cristiano Ronaldo
M-2006-64,ITA,Unknown,Unknown,-1.0,1,,Andrea Pirlo
M-2006-64,ITA,Unknown,Unknown,-1.0,1,,Marco Materazzi
M-2006-64,ITA,Unknown,Unknown,-1.0,1,,Daniele De Rossi
M-2006-64,ITA,Unknown,Unknown,-1.0,1,,Alessandro Del Piero
M-2006-64,ITA,Unknown,Unknown,-1.0,1,,Fabio Grosso
M-2006-64,FRA,Unknown,Unknown,-1.0,1,,Sylvain Wiltord
M-2006-64,FRA,Unknown,Unknown,-1.0,0,,David Trezeguet
M-2006-64,FRA,Unknown,Unknown,-1.0,1,,Eric Abidal
M-2006-64,FRA,Unknown,Unknown,-1.0,1,,Willy Sagnol
M-2010-55,PRY,Unknown,Unknown,-1.0,1,,Édgar Barreto
M-2010-55,PRY,Unknown,Unknown,-1.0,1,,Lucas Barrios
M-2010-55,PRY,Unknown,Unknown,-1.0,1,,Cristian Riveros
M-2010-55,PRY,Unknown,Unknown,-1.0,1,,Nelson Valdez
M-2010-55,PRY,Unknown,Unknown,-1.0,1,,Óscar Cardozo
M-2010-55,JPN,Unknown,Unknown,-1.0,1,,Yasuhito Endō
M-2010-55,JPN,Unknown,Unknown,-1.0,1,,Makoto Hasebe
M-2010-55,JPN,Unknown,Unknown,-1.0,0,,Yūichi Komano
M-2010-55,JPN,Unknown,Unknown,-1.0,1,,Keisuke Honda
M-2010-58,URY,Unknown,Unknown,-1.0,1,,Diego Forlán
M-2010-58,URY,Unknown,Unknown,-1.0,1,,Mauricio Victorino
M-2010-58,URY,Unknown,Unknown,-1.0,1,,Andrés Scotti
M-2010-58,URY,Unknown,Unknown,-1.0,0,,Maxi Pereira
M-2010-58,URY,Unknown,Unknown,-1.0,1,,Sebastián Abreu
M-2010-58,GHA,Unknown,Unknown,-1.0,1,,Asamoah Gyan
M-2010-58,GHA,Unknown,Unknown,-1.0,1,,Stephen Appiah
M-2010-58,GHA,Unknown,Unknown,-1.0,0,,John Mensah
M-2010-58,GHA,Unknown,Unknown,-1.0,0,,Dominic Adiyiah
M-2011-25,ENG,Unknown,Unknown,-1.0,1,,Kelly Smith
M-2011-25,ENG,Unknown,Unknown,-1.0,1,,Karen Carney
M-2011-25,ENG,Unknown,Unknown,-1.0,1,,Casey Stoney
M-2011-25,ENG,Unknown,Unknown,-1.0,0,,Claire Rafferty
M-2011-25,ENG,Unknown,Unknown,-1.0,0,,Faye White
M-2011-25,FRA,Unknown,Unknown,-1.0,0,,Camille Abily
M-2011-25,FRA,Unknown,Unknown,-1.0,1,,Élise Bussaglia
M-2011-25,FRA,Unknown,Unknown,-1.0,1,,Gaëtane Thiney
M-2011-25,FRA,Unknown,Unknown,-1.0,1,,Sonia Bompastor
M-2011-25,FRA,Unknown,Unknown,-1.0,1,,Eugénie Le Sommer
M-2011-28,BRA,Unknown,Unknown,-1.0,1,,not applicable Cristiane
M-2011-28,BRA,Unknown,Unknown,-1.0,1,,not applicable Marta
M-2011-28,BRA,Unknown,Unknown,-1.0,0,,not applicable Daiane
M-2011-28,BRA,Unknown,Unknown,-1.0,1,,not applicable Francielle
M-2011-28,USA,Unknown,Unknown,-1.0,1,,Shannon Boxx
M-2011-28,USA,Unknown,Unknown,-1.0,1,,Carli Lloyd
M-2011-28,USA,Unknown,Unknown,-1.0,1,,Abby Wambach
M-2011-28,USA,Unknown,Unknown,-1.0,1,,Megan Rapinoe
M-2011-28,USA,Unknown,Unknown,-1.0,1,,Ali Krieger
M-2011-32,JPN,Unknown,Unknown,-1.0,1,,Aya Miyama
M-2011-32,JPN,Unknown,Unknown,-1.0,0,,Yūki Ōgimi
M-2011-32,JPN,Unknown,Unknown,-1.0,1,,Mizuho Sakaguchi
M-2011-32,JPN,Unknown,Unknown,-1.0,1,,Saki Kumagai
M-2011-32,USA,Unknown,Unknown,-1.0,0,,Shannon Boxx
M-2011-32,USA,Unknown,Unknown,-1.0,0,,Carli Lloyd
M-2011-32,USA,Unknown,Unknown,-1.0,0,,Tobin Heath
M-2011-32,USA,Unknown,Unknown,-1.0,1,,Abby Wambach
M-2014-49,BRA,Unknown,Unknown,-1.0,1,,David Luiz
M-2014-49,BRA,Unknown,Unknown,-1.0,0,,not applicable Willian
M-2014-49,BRA,Unknown,Unknown,-1.0,1,,not applicable Marcelo
M-2014-49,BRA,Unknown,Unknown,-1.0,0,,not applicable Hulk
M-2014-49,BRA,Unknown,Unknown,-1.0,1,,not applicable Neymar
M-2014-49,CHL,Unknown,Unknown,-1.0,0,,Mauricio Pinilla
M-2014-49,CHL,Unknown,Unknown,-1.0,0,,Alexis Sánchez
M-2014-49,CHL,Unknown,Unknown,-1.0,1,,Charles Aránguiz
M-2014-49,CHL,Unknown,Unknown,-1.0,1,,Marcelo Díaz
M-2014-49,CHL,Unknown,Unknown,-1.0,0,,Gonzalo Jara
M-2014-52,CRI,Unknown,Unknown,-1.0,1,,Celso Borges
M-2014-52,CRI,Unknown,Unknown,-1.0,1,,Bryan Ruiz
M-2014-52,CRI,Unknown,Unknown,-1.0,1,,Giancarlo González
M-2014-52,CRI,Unknown,Unknown,-1.0,1,,Joel Campbell
M-2014-52,CRI,Unknown,Unknown,-1.0,1,,Michael Umaña
M-2014-52,GRC,Unknown,Unknown,-1.0,1,,Kostas Mitroglou
M-2014-52,GRC,Unknown,Unknown,-1.0,1,,Lazaros Christodoulopoulos
M-2014-52,GRC,Unknown,Unknown,-1.0,1,,José Holebas
M-2014-52,GRC,Unknown,Unknown,-1.0,0,,Theofanis Gekas
M-2014-60,NLD,Unknown,Unknown,-1.0,1,,Robin van Persie
M-2014-60,NLD,Unknown,Unknown,-1.0,1,,Arjen Robben
M-2014-60,NLD,Unknown,Unknown,-1.0,1,,Wesley Sneijder
M-2014-60,NLD,Unknown,Unknown,-1.0,1,,Dirk Kuyt
M-2014-60,CRI,Unknown,Unknown,-1.0,1,,Celso Borges
M-2014-60,CRI,Unknown,Unknown,-1.0,0,,Bryan Ruiz
M-2014-60,CRI,Unknown,Unknown,-1.0,1,,Giancarlo González
M-2014-60,CRI,Unknown,Unknown,-1.0,1,,Christian Bolaños
M-2014-60,CRI,Unknown,Unknown,-1.0,0,,Michael Umaña
M-2014-62,NLD,Unknown,Unknown,-1.0,0,,Ron Vlaar
M-2014-62,NLD,Unknown,Unknown,-1.0,1,,Arjen Robben
M-2014-62,NLD,Unknown,Unknown,-1.0,0,,Wesley Sneijder
M-2014-62,NLD,Unknown,Unknown,-1.0,1,,Dirk Kuyt
M-2014-62,ARG,Unknown,Unknown,-1.0,1,,Lionel Messi
M-2014-62,ARG,Unknown,Unknown,-1.0,1,,Ezequiel Garay
M-2014-62,ARG,Unknown,Unknown,-1.0,1,,Sergio Agüero
M-2014-62,ARG,Unknown,Unknown,-1.0,1,,Maxi Rodríguez
M-2015-45,DEU,Unknown,Unknown,-1.0,1,,Melanie Behringer
M-2015-45,DEU,Unknown,Unknown,-1.0,1,,Simone Laudehr
M-2015-45,DEU,Unknown,Unknown,-1.0,1,,Babett Peter
M-2015-45,DEU,Unknown,Unknown,-1.0,1,,Dzsenifer Marozsán
M-2015-45,DEU,Unknown,Unknown,-1.0,1,,Célia Šašić
M-2015-45,FRA,Unknown,Unknown,-1.0,1,,Gaëtane Thiney
M-2015-45,FRA,Unknown,Unknown,-1.0,1,,Camille Abily
M-2015-45,FRA,Unknown,Unknown,-1.0,1,,Louisa Nécib
M-2015-45,FRA,Unknown,Unknown,-1.0,1,,Wendie Renard
M-2015-45,FRA,Unknown,Unknown,-1.0,0,,Claire Lavogez
M-2018-51,ESP,Unknown,Unknown,-1.0,1,,Andrés Iniesta
M-2018-51,ESP,Unknown,Unknown,-1.0,1,,Gerard Piqué
M-2018-51,ESP,Unknown,Unknown,-1.0,0,,not applicable Koke
M-2018-51,ESP,Unknown,Unknown,-1.0,1,,Sergio Ramos
M-2018-51,ESP,Unknown,Unknown,-1.0,0,,Iago Aspas
M-2018-51,RUS,Unknown,Unknown,-1.0,1,,Fyodor Smolov
M-2018-51,RUS,Unknown,Unknown,-1.0,1,,Sergei Ignashevich
M-2018-51,RUS,Unknown,Unknown,-1.0,1,,Aleksandr Golovin
M-2018-51,RUS,Unknown,Unknown,-1.0,1,,Denis Cheryshev
M-2018-52,HRV,Unknown,Unknown,-1.0,0,,Milan Badelj
M-2018-52,HRV,Unknown,Unknown,-1.0,1,,Andrej Kramarić
M-2018-52,HRV,Unknown,Unknown,-1.0,1,,Luka Modrić
M-2018-52,HRV,Unknown,Unknown,-1.0,0,,Josip Pivarić
M-2018-52,HRV,Unknown,Unknown,-1.0,1,,Ivan Rakitić
M-2018-52,DNK,Unknown,Unknown,-1.0,0,,Christian Eriksen
M-2018-52,DNK,Unknown,Unknown,-1.0,1,,Simon Kjær
M-2018-52,DNK,Unknown,Unknown,-1.0,1,,Michael Krohn-Dehli
M-2018-52,DNK,Unknown,Unknown,-1.0,0,,Lasse Schöne
M-2018-52,DNK,Unknown,Unknown,-1.0,0,,Nicolai Jørgensen
M-2018-56,COL,Unknown,Unknown,-1.0,1,,Radamel Falcao
M-2018-56,COL,Unknown,Unknown,-1.0,1,,Juan Cuadrado
M-2018-56,COL,Unknown,Unknown,-1.0,1,,Luis Muriel
M-2018-56,COL,Unknown,Unknown,-1.0,0,,Mateus Uribe
M-2018-56,COL,Unknown,Unknown,-1.0,0,,Carlos Bacca
M-2018-56,ENG,Unknown,Unknown,-1.0,1,,Harry Kane
M-2018-56,ENG,Unknown,Unknown,-1.0,1,,Marcus Rashford
M-2018-56,ENG,Unknown,Unknown,-1.0,0,,Jordan Henderson
M-2018-56,ENG,Unknown,Unknown,-1.0,1,,Kieran Trippier
M-2018-56,ENG,Unknown,Unknown,-1.0,1,,Eric Dier
M-2018-60,RUS,Unknown,Unknown,-1.0,0,,Fyodor Smolov
M-2018-60,RUS,Unknown,Unknown,-1.0,1,,Alan Dzagoev
M-2018-60,RUS,Unknown,Unknown,-1.0,0,,Mário Fernandes
M-2018-60,RUS,Unknown,Unknown,-1.0,1,,Sergei Ignashevich
M-2018-60,RUS,Unknown,Unknown,-1.0,1,,Daler Kuzyayev
M-2018-60,HRV,Unknown,Unknown,-1.0,1,,Marcelo Brozović
M-2018-60,HRV,Unknown,Unknown,-1.0,0,,Mateo Kovačić
M-2018-60,HRV,Unknown,Unknown,-1.0,1,,Luka Modrić
M-2018-60,HRV,Unknown,Unknown,-1.0,1,,Domagoj Vida
M-2018-60,HRV,Unknown,Unknown,-1.0,1,,Ivan Rakitić
M-2019-38,NOR,Unknown,Unknown,-1.0,1,,Caroline Graham Hansen
M-2019-38,NOR,Unknown,Unknown,-1.0,1,,Guro Reiten
M-2019-38,NOR,Unknown,Unknown,-1.0,1,,Maren Mjelde
M-2019-38,NOR,Unknown,Unknown,-1.0,1,,Ingrid Syrstad Engen
M-2019-38,AUS,Unknown,Unknown,-1.0,0,,Sam Kerr
M-2019-38,AUS,Unknown,Unknown,-1.0,0,,Emily Gielnik
M-2019-38,AUS,Unknown,Unknown,-1.0,1,,Steph Catley
M-2022-53,JPN,Unknown,Unknown,-1.0,0,,Takumi Minamino
M-2022-53,JPN,Unknown,Unknown,-1.0,0,,Kaoru Mitoma
M-2022-53,JPN,Unknown,Unknown,-1.0,1,,Takuma Asano
M-2022-53,JPN,Unknown,Unknown,-1.0,0,,Maya Yoshida
M-2022-53,HRV,Unknown,Unknown,-1.0,1,,Nikola Vlašić
M-2022-53,HRV,Unknown,Unknown,-1.0,1,,Marcelo Brozović
M-2022-53,HRV,Unknown,Unknown,-1.0,0,,Marko Livaja
M-2022-53,HRV,Unknown,Unknown,-1.0,1,,Mario Pašalić
M-2022-55,MAR,Unknown,Unknown,-1.0,1,,Abdelhamid Sabiri
M-2022-55,MAR,Unknown,Unknown,-1.0,1,,Hakim Ziyech
M-2022-55,MAR,Unknown,Unknown,-1.0,0,,Badr Benoun
M-2022-55,MAR,Unknown,Unknown,-1.0,1,,Achraf Hakimi
M-2022-55,ESP,Unknown,Unknown,-1.0,0,,Pablo Sarabia
M-2022-55,ESP,Unknown,Unknown,-1.0,0,,Carlos Soler
M-2022-55,ESP,Unknown,Unknown,-1.0,0,,Sergio Busquets
M-2022-57,HRV,Unknown,Unknown,-1.0,1,,Nikola Vlašić
M-2022-57,HRV,Unknown,Unknown,-1.0,1,,Lovro Majer
M-2022-57,HRV,Unknown,Unknown,-1.0,1,,Luka Modrić
M-2022-57,HRV,Unknown,Unknown,-1.0,1,,Mislav Oršić
M-2022-57,BRA,Unknown,Unknown,-1.0,0,,not applicable Rodrygo
M-2022-57,BRA,Unknown,Unknown,-1.0,1,,not applicable Casemiro
M-2022-57,BRA,Unknown,Unknown,-1.0,1,,not applicable Pedro
M-2022-57,BRA,Unknown,Unknown,-1.0,0,,not applicable Marquinhos
M-2022-58,NLD,Unknown,Unknown,-1.0,0,,Virgil van Dijk
M-2022-58,NLD,Unknown,Unknown,-1.0,0,,Steven Berghuis
M-2022-58,NLD,Unknown,Unknown,-1.0,1,,Teun Koopmeiners
M-2022-58,NLD,Unknown,Unknown,-1.0,1,,Wout Weghorst
M-2022-58,NLD,Unknown,Unknown,-1.0,1,,Luuk de Jong
M-2022-58,ARG,Unknown,Unknown,-1.0,1,,Lionel Messi
M-2022-58,ARG,Unknown,Unknown,-1.0,1,,Leandro Paredes
M-2022-58,ARG,Unknown,Unknown,-1.0,1,,Gonzalo Montiel
M-2022-58,ARG,Unknown,Unknown,-1.0,0,,Enzo Fernández
M-2022-58,ARG,Unknown,Unknown,-1.0,1,,Lautaro Martínez
M-2022-64,ARG,Unknown,Unknown,-1.0,1,,Lionel Messi
M-2022-64,ARG,Unknown,Unknown,-1.0,1,,Paulo Dybala
M-2022-64,ARG,Unknown,Unknown,-1.0,1,,Leandro Paredes
M-2022-64,ARG,Unknown,Unknown,-1.0,1,,Gonzalo Montiel
M-2022-64,FRA,Unknown,Unknown,-1.0,1,,Kylian Mbappé
M-2022-64,FRA,Unknown,Unknown,-1.0,0,,Kingsley Coman
M-2022-64,FRA,Unknown,Unknown,-1.0,0,,Aurélien Tchouaméni
M-2022-64,FRA,Unknown,Unknown,-1.0,1,,Randal Kolo Muani
